ukuran_mm,tingkat_gelap,target_kualitas
10.2,70.0,1
9.166666666666666,65.0,1
8.5,63.0,1
9.0,75.0,1
9.166666666666666,15.0,0
11.0,68.0,1
7.5,63.0,0
8.8,85.0,1
